id,user_ip,request_time_date,betting_site
1,1.1.1.1,Tue Aug 13 2024 17:56:55 GMT+0530 (India Standard Time),test55@gmail.com
2,1.1.1.1,Tue Aug 13 2024 17:56:55 GMT+0530 (India Standard Time),test55@gmail.com
3,1.1.1.1,Tue Aug 13 2024 17:56:55 GMT+0530 (India Standard Time),test55@gmail.com
4,1.1.1.1,Tue Aug 13 2024 17:56:55 GMT+0530 (India Standard Time),test55@gmail.com
5,1.1.1.1,Tue Aug 13 2024 17:56:55 GMT+0530 (India Standard Time),test55.com
6,1.1.1.1,Tue Aug 13 2024 17:56:55 GMT+0530 (India Standard Time),test55.com
23,1.1.1.1,Tue Aug 13 2024 17:56:55 GMT+0530 (India Standard Time),test55.com
24,1.1.1.1,Tue Aug 13 2024 17:56:55 GMT+0530 (India Standard Time),
25,1.1.1.1,Tue Aug 13 2024 17:56:55 GMT+0530 (India Standard Time),
26,1.1.1.1,Tue Aug 13 2024 17:56:55 GMT+0530 (India Standard Time),
27,1.1.1.1,Tue Aug 13 2024 17:56:55 GMT+0530 (India Standard Time),
28,1.1.1.1,Tue Aug 13 2024 17:56:55 GMT+0530 (India Standard Time),
29,1.1.1.1,Tue Aug 13 2024 17:56:55 GMT+0530 (India Standard Time),
30,1.1.1.1,Tue Aug 13 2024 17:56:55 GMT+0530 (India Standard Time),
31,1.1.1.1,Tue Aug 13 2024 17:56:55 GMT+0530 (India Standard Time),
32,1.1.1.1,Tue Aug 13 2024 17:56:55 GMT+0530 (India Standard Time),
33,1.1.1.1,Tue Aug 13 2024 17:56:55 GMT+0530 (India Standard Time),
34,1.1.1.1,Tue Aug 13 2024 17:56:55 GMT+0530 (India Standard Time),
35,1.1.1.1,Tue Aug 13 2024 17:56:55 GMT+0530 (India Standard Time),
36,1.1.1.1,Tue Aug 13 2024 17:56:55 GMT+0530 (India Standard Time),
37,1.1.1.1,Tue Aug 13 2024 17:56:55 GMT+0530 (India Standard Time),
38,1.1.1.1,Tue Aug 13 2024 17:56:55 GMT+0530 (India Standard Time),
39,1.1.1.1,Tue Aug 13 2024 17:56:55 GMT+0530 (India Standard Time),
40,1.1.1.1,Tue Aug 13 2024 17:56:55 GMT+0530 (India Standard Time),
41,1.1.1.1,Tue Aug 13 2024 17:56:55 GMT+0530 (India Standard Time),
42,1.1.1.1,Tue Aug 13 2024 17:56:55 GMT+0530 (India Standard Time),
43,1.1.1.1,Tue Aug 13 2024 17:56:55 GMT+0530 (India Standard Time),
44,1.1.1.1,Tue Aug 13 2024 17:56:55 GMT+0530 (India Standard Time),
45,1.1.1.1,Tue Aug 13 2024 17:56:55 GMT+0530 (India Standard Time),
46,1.1.1.1,Tue Aug 13 2024 17:56:55 GMT+0530 (India Standard Time),
47,1.1.1.1,Tue Aug 13 2024 17:56:55 GMT+0530 (India Standard Time),
48,1.1.1.1,Tue Aug 13 2024 17:56:55 GMT+0530 (India Standard Time),
49,1.1.1.1,Tue Aug 13 2024 17:56:55 GMT+0530 (India Standard Time),test55.com
50,1.1.1.1,Tue Aug 13 2024 17:56:55 GMT+0530 (India Standard Time),test55.com
51,1.1.1.1,Tue Aug 13 2024 17:56:55 GMT+0530 (India Standard Time),test55.com
52,1.1.1.1,Tue Aug 13 2024 17:56:55 GMT+0530 (India Standard Time),test55.com
53,1.1.1.1,Tue Aug 13 2024 17:56:55 GMT+0530 (India Standard Time),test55.com
54,1.1.1.2,Tue Aug 13 2024 17:56:55 GMT+0530 (India Standard Time),test55.com
55,1.1.1.2,Tue Aug 13 2024 17:56:55 GMT+0530 (India Standard Time),test55.com
56,1.1.1.4,Tue Aug 13 2024 17:56:55 GMT+0530 (India Standard Time),test55.com
57,1.1.1.5,Tue Aug 13 2024 17:56:55 GMT+0530 (India Standard Time),test55.com
58,1.1.1.6,Tue Aug 13 2024 17:56:55 GMT+0530 (India Standard Time),test55.com
59,1.1.1.7,Tue Aug 13 2024 17:56:55 GMT+0530 (India Standard Time),test55.com
60,1.1.1.8,Tue Aug 13 2024 17:56:55 GMT+0530 (India Standard Time),test55.com
